title,description,content,author,source,sentiment_score,sentiment_positive,sentiment_negative,sentiment_neutral,significance,published_at
Programming cells to target brain tumors,"Glioblastoma is the most common and most aggressive primary brain tumor, with an average survival after diagnosis of less than two years, and against which current treatments remain ineffective. In recent years, immunotherapies have given patients renewed hop…","Glioblastoma is the most common and most aggressive primary brain tumour, with an average survival after diagnosis of less than two years, and against which current treatments remain ineffective. In … [+3903 chars]",,Science Daily,-0.7496,0.0,0.115,0.885,Strongly Negative,2024-09-26T17:20:17Z
"Tumori del sangue, con terapia Car-T il percorso del paziente vede una ‘Luce tra i frammenti’","Descrizione contenuto Tumori del sangue, con terapia Car-T il percorso del paziente vede una ‘Luce tra i frammenti’","Milano, 26 set. (Adnkronos Salute) - È stata presentata oggi a Milano, allinterno degli spazi del Campus di Naba, Nuova Accademia delle Belle Arti, Luce tra i frammenti. Il viaggio di Mira, dalla sco… [+7018 chars]",redazione@ilgiornale-web.it (AgenziaAdnkronos),Ilgiornale.it,0.0,0.0,0.0,1.0,Moderately Negative,2024-09-26T14:00:02Z
Combination of bortezomib and venetoclax targets the pro-survival function of LMP-1 and EBNA-3C of Epstein-Barr virus in spontaneous lymphoblastoid cell lines,Author summary Epstein-Barr virus (EBV) is an oncogenic virus associated with different cancers and can directly drive the development of a lymphoma type condition in organ transplant patients known as post-transplant lymphoproliferative disorder (PTLD) as a …,"Citation: Tam KP, Xie J, Au-Yeung RKH, Chiang AKS (2024) Combination of bortezomib and venetoclax targets the pro-survival function of LMP-1 and EBNA-3C of Epstein-Barr virus in spontaneous lymphobla… [+52702 chars]","Kam Pui Tam, Jia Xie, Rex Kwok Him Au-Yeung, Alan K. S. Chiang",Plos.org,-0.4019,0.0,0.03,0.97,Moderately Negative,2024-09-26T14:00:00Z
"Autonomia differenziata, opposizioni e Cgil alla consegna delle firme: “Gli italiani vogliono fermare questa riforma che spacca il Paese”","I partiti di opposizione uniti (ad eccezione di Azione) e festanti, assieme a volontari ed associazioni, si sono riunite davanti la Corte di Cassazione per la consegne delle firme raccolte, oltre un milione trecentomila, per promuovere il referendum contro l’…","Milano, 26 set. (Adnkronos Salute) - È stata presentata oggi a Milano, allinterno degli spazi del Campus di Naba, Nuova Accademia delle Belle Arti, Luce tra i frammenti. Il viaggio di Mira, dalla sco… [+7017 chars]",Manolo Lanaro,Ilfattoquotidiano.it,0.0,0.0,0.0,1.0,Moderately Negative,2024-09-26T13:33:24Z
"Short Interest in Onconetix, Inc. (NASDAQ:ONCO) Drops By 99.2%","Onconetix, Inc. (NASDAQ:ONCO – Get Free Report) was the recipient of a large decline in short interest in September. As of September 15th, there was short interest totalling 5,900 shares, a decline of 99.2% from the August 31st total of 695,100 shares. Curren…","Onconetix, Inc. (NASDAQ:ONCO – Get Free Report) was the recipient of a large decline in short interest in September. As of September 15th, there was short interest totalling 5,900 shares, a decline o… [+2319 chars]",MarketBeat News,ETF Daily News,0.9787,0.27,0.0,0.73,Strongly Positive,2024-09-25T23:03:56Z
Onconetix announces reverse stock split and equity issuances,Onconetix announces reverse stock split and equity issuances,"Onconetix, Inc., a Delaware-incorporated pharmaceutical company, has announced a series of corporate actions including a reverse stock split, equity issuances, and changes to its common stock's right… [+4809 chars]",Investing.com,Investing.com,0.0,0.0,0.0,1.0,Moderately Negative,2024-09-24T21:27:46Z
"Japan's Ministry of Health, Labour and Welfare Approves PADCEV™ (enfortumab vedotin) with KEYTRUDA ® (pembrolizumab) for First-Line Treatment of Radically Unresectable Urothelial Carcinoma","Japan's Ministry of Health, Labour and Welfare Approves PADCEV™ (enfortumab vedotin) with KEYTRUDA ® (pembrolizumab) for First-Line Treatment of Radically Unresectable Urothelial Carcinoma",- Approval based on the EV-302 trial where the treatment combination nearly doubled median overall survival and significantly extended progression free survival compared to platinum-containing chemot… [+14005 chars],Investing.com,Investing.com,0.8957,0.138,0.0,0.862,Strongly Positive,2024-09-24T06:16:04Z
Teva premia 5 associazioni impegnate nell'umanizzare le cure,"La migliore medicina a volte non è solo un farmaco ma anche l'umanità, l'empatia, la compassione, la dignità, la relazione. (ANSA)","La migliore medicina a volte non è
solo un farmaco ma anche l'umanità, l'empatia, la compassione,
la dignità, la relazione. Teva Italia, azienda farmaceutica
leader nel mercato, consapevole di que… [+2007 chars]",,ANSA.it,0.0,0.0,0.0,1.0,Moderately Negative,2024-09-23T15:38:20Z
Lyon. « Les Choristes » font leur come-back pour un concert caritatif,Les célèbres voix du film « Les Choristes » font leur grand retour à Lyon pour un concert évènement caritatif.,"Texte : Margaux Nourry Les célèbres voix du film « Les Choristes » font leur grand retour à Lyon pour un concert évènement caritatif, vingt ans après la sortie de ce classique.
Les airs du film « Le… [+2515 chars]",Margaux Noury,Lyonpeople.com,0.7184,0.079,0.0,0.921,Strongly Positive,2024-09-22T05:00:03Z
Lyon. « Les Choristes » font leur come-back pour un concert caritatif,Les célèbres voix du film « Les Choristes » font leur grand retour à Lyon pour un concert évènement caritatif.,"Texte : Margaux Nourry Les célèbres voix du film « Les Choristes » font leur grand retour à Lyon pour un concert évènement caritatif, vingt ans après la sortie de ce classique.
Les airs du film « Le… [+2515 chars]",Margaux Noury,Lyonpeople.com,0.7184,0.079,0.0,0.921,Strongly Positive,2024-09-22T05:00:03Z
"""Le cancer est moins tabou qu’auparavant"", constate Régine Simonis, coordinatrice de l’Espace Vivie à Verviers","Samedi et dimanche se déroulera le Relais pour la vie de Verviers, au stade de Bielmont. L’occasion d’aller à la rencontre d’un acteur local réputé pour son accompagnement des personnes atteintes d’un cancer : l’Espace Vivie. ...","L'oncologue Annelore Barbeaux, accompagnée de l'infirmière Colette Mathieu et d'une patiente, Viviane Elsen, surnommée Vivie et atteinte d'un cancer, est allée à une conférence de la Fondation contre… [+15710 chars]",Julie Wolff,Lavenir.net,-0.9349,0.0,0.143,0.857,Strongly Negative,2024-09-21T05:01:00Z
"Onconetix (NASDAQ:ONCO) Shares Set to Reverse Split on Tuesday, September 24th","Shares of Onconetix, Inc. (NASDAQ:ONCO – Free Report) are scheduled to reverse split on the morning of Tuesday, September 24th. The 1-40 reverse split was announced on Friday, September 20th. The number of shares owned by shareholders will be adjusted after t…","Shares of Onconetix, Inc. (NASDAQ:ONCO – Free Report) are scheduled to reverse split on the morning of Tuesday, September 24th. The 1-40 reverse split was announced on Friday, September 20th. The num… [+2163 chars]",MarketBeat News,ETF Daily News,0.9287,0.173,0.0,0.827,Strongly Positive,2024-09-20T23:09:02Z
"Onconetix, Inc. Announces 1-for-40 Reverse Stock Split and Results of the Annual Meeting of Stockholders","CINCINNATI, Ohio, Sept. 20, 2024 (GLOBE NEWSWIRE) -- Onconetix, Inc. (NASDAQ: ONCO) (“Onconetix” or the “Company”), a commercial-stage biotechnology company focused on the research, development, and commercialization of innovative solutions for men’s health a…","CINCINNATI, Ohio, Sept. 20, 2024 (GLOBE NEWSWIRE) -- Onconetix, Inc. (NASDAQ: ONCO) (Onconetix or the Company), a commercial-stage biotechnology company focused on the research, development, and comm… [+9761 chars]","Onconetix, Inc.",GlobeNewswire,0.8316,0.117,0.0,0.883,Strongly Positive,2024-09-20T15:45:00Z
U.S. grants Vidac Pharma patent offering broad protection of mode of action underlying its oncology drug candidates,"London (UK), September 19 2024 – Vidac Pharma Holdings Plc. (Hamburg and Stuttgart: T9G; ISIN:GB00BM9XQ619; WKN: A3DTUQ), a clinical-stage oncology biopharmaceutical company pioneering a novel class of cancer treatments, today announces that the United States…","London (UK), September 19 2024  Vidac Pharma Holdings Plc. (Hamburg and Stuttgart: T9G; ISIN:GB00BM9XQ619; WKN: A3DTUQ), a clinical-stage oncology biopharmaceutical company pioneering a novel class o… [+4908 chars]",Vidac Pharma Holding PLC,GlobeNewswire,0.4404,0.105,0.05,0.846,Moderately Positive,2024-09-19T05:00:00Z
"Pigiama Run: camminare, correre e pedalare per sostenere le cure ai bambini malati di tumore","Mancano due giorni al venerdì di settembre in cui uscire di casa in pigiama all'orario dell'aperitivo non è stravagante, ma consigliato. È il venerdì (20 settembre) della Pigiama Run, l'iniziativa ...[continua a leggere sul sito ]","Mancano due giorni al venerdì di settembre in cui uscire di casa in pigiama all'orario dell'aperitivo non è stravagante, ma consigliato. È il venerdì (20 settembre) della Pigiama Run, l'iniziativa pr… [+1087 chars]",giulia poetto,Lastampa.it,0.0,0.0,0.0,1.0,Moderately Negative,2024-09-18T12:57:22Z
Véronique Pomi-Schneiter stands down as BioSenic's Deputy CEO,"PRIVILEGED INFORMATION  Mont-Saint-Guibert, Belgium, September 17, 2024 7.00pm CEST – BioSenic (Euronext Brussels and Paris: BIOS), the clinical stage......","PRIVILEGED INFORMATION
Mont-Saint-Guibert, Belgium, September 17, 2024 7.00pm CEST BioSenic (Euronext Brussels and Paris: BIOS), the clinical stage company specializing in serious autoimmune and inf… [+5913 chars]",BioSenic,GlobeNewswire,0.7885,0.122,0.022,0.856,Strongly Positive,2024-09-17T05:00:00Z
Tutti di corsa in pigiama per aiutare i bimbi malati di tumore,"Correre, camminare, pedalare: l'importante è farlo in pigiama, e per una buona causa, quella che da sei edizioni anima la Pigiama Run, l'iniziativa promossa dalle sezioni provinciali della Lilt (Lega ...[continua a leggere sul sito ]","Correre, camminare, pedalare: l'importante è farlo in pigiama, e per una buona causa, quella che da sei edizioni anima la Pigiama Run, l'iniziativa promossa dalle sezioni provinciali della Lilt (Lega… [+2682 chars]",giulia poetto,Lastampa.it,0.0,0.0,0.0,1.0,Moderately Negative,2024-09-12T10:50:47Z
Ryvu Therapeutics Reports 2024 Half-Year Financial Results and Provides Corporate Update,Ryvu Therapeutics Reports 2024 Half-Year Financial Results and Provides Corporate Update,"<ul><li>The total operating revenues in H1 2024 amounted to USD 12.1 million
 and increased by USD 4.2 million
 compared to H1 2023.</li><li>As of September, 5 2024, Ryvu's cash position was USD 65… [+10223 chars]",Investing.com,Investing.com,0.2732,0.037,0.0,0.963,Moderately Positive,2024-09-12T07:52:06Z
"Zurcher Kantonalbank Zurich Cantonalbank Invests $51,000 in Onconetix, Inc. (NASDAQ:ONCO)","Zurcher Kantonalbank Zurich Cantonalbank purchased a new position in Onconetix, Inc. (NASDAQ:ONCO – Free Report) in the second quarter, according to its most recent Form 13F filing with the Securities & Exchange Commission. The institutional investor purchase…","Zurcher Kantonalbank Zurich Cantonalbank purchased a new position in Onconetix, Inc. (NASDAQ:ONCO – Free Report) in the second quarter, according to its most recent Form 13F filing with the Securitie… [+1590 chars]",MarketBeat News,ETF Daily News,0.8316,0.104,0.0,0.896,Strongly Positive,2024-09-11T07:26:52Z
Oncopeptides expands on WODA partnership with addition of Africa and Eurasia to provide Pepaxti to Patients,Oncopeptides expands on WODA partnership with addition of Africa and Eurasia to provide Pepaxti to Patients......,"ZURICH and ZUG, Switzerland and STOCKHOLM, Sept. 04, 2024 (GLOBE NEWSWIRE) -- Oncopeptides AB (STO: ONCO), a biotech company focused on difficult-to-treat cancers, and Veld Pharmaceuticals GmbH (Veld… [+4785 chars]",World Orphan Drug Alliance (WODA),GlobeNewswire,0.5267,0.084,0.0,0.916,Strongly Positive,2024-09-04T12:00:00Z
CN Energy Group. Inc. (NASDAQ:CNEY) Sees Large Growth in Short Interest,"CN Energy Group. Inc. (NASDAQ:CNEY – Get Free Report) was the target of a significant growth in short interest during the month of September. As of September 15th, there was short interest totalling 705,200 shares, a growth of 1,636.9% from the August 31st to…","CN Energy Group. Inc. (NASDAQ:CNEY – Get Free Report) was the target of a significant growth in short interest during the month of September. As of September 15th, there was short interest totalling … [+1329 chars]",MarketBeat News,ETF Daily News,0.9899,0.373,0.0,0.627,Strongly Positive,2024-09-25T15:27:11Z
CN Energy Group. Inc. (NASDAQ:CNEY) Short Interest Up 7.4% in August,"CN Energy Group. Inc. (NASDAQ:CNEY – Get Free Report) was the target of a large growth in short interest in the month of August. As of August 31st, there was short interest totalling 40,600 shares, a growth of 7.4% from the August 15th total of 37,800 shares.…","CN Energy Group. Inc. (NASDAQ:CNEY – Get Free Report) was the target of a large growth in short interest in the month of August. As of August 31st, there was short interest totalling 40,600 shares, a… [+1266 chars]",MarketBeat News,ETF Daily News,0.9883,0.331,0.0,0.669,Strongly Positive,2024-09-18T22:16:58Z
Tonix Pharmaceuticals Announces Issuance of U.S. Patent Covering the Subcutaneous Delivery of FDA-Approved Zembrace® SymTouch® to Treat Migraines,New patent expected to provide market exclusivity into 2036  Zembrace® SymTouch® (sumatriptan succinate injection) 10mg is indicated for the acute......,"New patent expected to provide market exclusivity into 2036
Zembrace® SymTouch® (sumatriptan succinate injection) 10mg is indicated for the acute treatment of migraine in adults
CHATHAM, N.J., Sept… [+14343 chars]",Tonix Pharmaceuticals Holding Corp.,GlobeNewswire,0.4019,0.036,0.0,0.964,Moderately Positive,2024-09-27T11:00:00Z
Tonix Pharmaceuticals (NASDAQ:TNXP) Coverage Initiated at StockNews.com,"Research analysts at StockNews.com initiated coverage on shares of Tonix Pharmaceuticals (NASDAQ:TNXP – Get Free Report) in a research report issued on Thursday. The firm set a “sell” rating on the stock. Separately, Alliance Global Partners increased their p…",Research analysts at StockNews.com initiated coverage on shares of Tonix Pharmaceuticals (NASDAQ:TNXP – Get Free Report) in a research report issued on Thursday. The firm set a “sell” rating on the s… [+2721 chars],MarketBeat News,ETF Daily News,0.9022,0.149,0.0,0.851,Strongly Positive,2024-09-26T06:22:56Z
Tonix Pharmaceuticals Holding Corp. (NASDAQ:TNXP) Sees Significant Decline in Short Interest,"Tonix Pharmaceuticals Holding Corp. (NASDAQ:TNXP – Get Free Report) saw a significant drop in short interest in September. As of September 15th, there was short interest totalling 467,200 shares, a drop of 70.2% from the August 31st total of 1,570,000 shares.…","Tonix Pharmaceuticals Holding Corp. (NASDAQ:TNXP – Get Free Report) saw a significant drop in short interest in September. As of September 15th, there was short interest totalling 467,200 shares, a d… [+3171 chars]",MarketBeat News,ETF Daily News,0.9723,0.292,0.058,0.65,Strongly Positive,2024-09-25T14:12:45Z
Tonix Pharmaceuticals advances fibromyalgia treatment,Tonix Pharmaceuticals advances fibromyalgia treatment,"CHATHAM, N.J. - Tonix Pharmaceuticals Holding Corp. (NASDAQ:TNXP) has reported significant advancements in the development of its new drug candidate TNX-102 SL, a sublingual formulation of cyclobenza… [+5062 chars]",Investing.com,Investing.com,0.2023,0.045,0.0,0.955,Moderately Positive,2024-09-23T11:17:18Z
Tonix secures patent for migraine nasal spray Tosymra,Tonix secures patent for migraine nasal spray Tosymra,"CHATHAM, N.J. - Tonix Pharmaceuticals Holding Corp. (NASDAQ: TNXP), a biopharmaceutical company, has been granted a new patent for Tosymra® (sumatriptan nasal spray), which is used in the acute treat… [+5527 chars]",Investing.com,Investing.com,0.6808,0.125,0.0,0.875,Strongly Positive,2024-09-19T11:25:11Z
Tonix Pharmaceuticals Announces That its Single Dose Mpox Vaccine Candidate TNX-801 Aligns with WHO’s Newly Issued Preferred Target Product Profile for Mpox Vaccines in Global Health Emergency,The World Health Organization (WHO) released its preferred target product profile (TPP) criteria for mpox vaccines at its Mpox Research and Innovation Scientific Conference held August 29-30,"The World Health Organization (WHO) released its preferred target product profile (TPP) criteria for mpox vaccines at its Mpox Research and Innovation Scientific Conference held August 29-30
TNX-801… [+13373 chars]",Tonix Pharmaceuticals Holding Corp.,GlobeNewswire,0.3818,0.059,0.029,0.912,Moderately Positive,2024-09-16T11:00:00Z
Biotech Alert: Searches spiking for these stocks today,"See the rest of the story here.

thefly.com provides the latest financial news as it breaks. Known as a leader in market intelligence, The Fly's real-time, streaming news feed keeps individual investors, professional money managers, active traders, and corpor…","These names in the biotech sector are seeing a substantial increase in search activity today, as determined by InvestingChannel. They include: 
<ul><li>Summit Therapeutics (SMMT), 2,594% surge in in… [+14552 chars]",,Thefly.com,0.91,0.17,0.0,0.83,Strongly Positive,2024-09-12T15:11:24Z
Tonix Pharmaceuticals (NASDAQ:TNXP) Research Coverage Started at StockNews.com,"StockNews.com initiated coverage on shares of Tonix Pharmaceuticals (NASDAQ:TNXP – Free Report) in a report released on Tuesday. The firm issued a sell rating on the stock. Separately, Alliance Global Partners increased their price objective on shares of Toni…","StockNews.com initiated coverage on shares of Tonix Pharmaceuticals (NASDAQ:TNXP – Free Report) in a report released on Tuesday. The firm issued a sell rating on the stock.
Separately, Alliance Glob… [+2465 chars]",MarketBeat News,ETF Daily News,0.9231,0.173,0.0,0.827,Strongly Positive,2024-09-11T08:41:16Z
Mpox in DR Congo: Medics plead for vaccines as rate of infections increases - BBC.com,Mpox in DR Congo: Medics plead for vaccines as rate of infections increasesBBC.com TNXP: Mpox Declared a Public Health Emergency of International Concern by World Health OrganizationYahoo Finance First doses of mpox vaccine from the United States arrive in Co…,Check out the new Slashdot job board to browse remote jobs or jobs in your areaDo you develop on GitHub? You can keep using GitHub but automatically sync your GitHub releases to SourceForge quickly a… [+228 chars],feedfeeder,Slashdot.org,0.0258,0.02,0.019,0.961,Moderately Positive,2024-09-11T01:32:06Z
Tonix reports promising mpox vaccine preclinical data,Tonix reports promising mpox vaccine preclinical data,"CHATHAM, N.J. - Tonix Pharmaceuticals Holding Corp. (NASDAQ:TNXP), a biopharmaceutical company, announced preclinical data showing that its TNX-801 vaccine effectively protected animals from a lethal… [+5481 chars]",Investing.com,Investing.com,0.8807,0.232,0.0,0.768,Strongly Positive,2024-09-09T11:11:15Z
Tonix Pharmaceuticals Launches National Awareness Campaign on the Impact of Gastroparesis or Stomach Paralysis on the Absorption of Oral Migraine Medications at PAINWeek,Gastroparesis slows the ability of the stomach to empty into the small intestine and thereby can delay absorption of oral medications into the bloodstream...,"Gastroparesis slows the ability of the stomach to empty into the small intestine and thereby can delay absorption of oral medications into the bloodstream
Non-oral medications including nasal and in… [+7112 chars]",Tonix Pharmaceuticals Holding Corp.,GlobeNewswire,-0.3818,0.054,0.096,0.851,Moderately Negative,2024-09-06T11:00:00Z
Tonix Pharmaceuticals expands offering to $150 million,Tonix Pharmaceuticals expands offering to $150 million,"Tonix Pharmaceuticals Holding Corp. (NASDAQ:TNXP), a biopharmaceutical company, announced today that it has increased its maximum aggregate offering price from $50 million to $150 million under its e… [+5066 chars]",Investing.com,Investing.com,0.4404,0.107,0.0,0.893,Moderately Positive,2024-08-30T21:39:25Z
Short Interest in Applied Digital Co. (NASDAQ:APLD) Expands By 23.5%,"Applied Digital Co. (NASDAQ:APLD – Get Free Report) was the target of a significant increase in short interest in the month of September. As of September 15th, there was short interest totalling 24,090,000 shares, an increase of 23.5% from the August 31st tot…","Applied Digital Co. (NASDAQ:APLD – Get Free Report) was the target of a significant increase in short interest in the month of September. As of September 15th, there was short interest totalling 24,0… [+4663 chars]",MarketBeat News,ETF Daily News,0.9844,0.325,0.0,0.675,Strongly Positive,2024-09-28T15:19:20Z
Applied Digital (NASDAQ:APLD) Hits New 52-Week High at $8.71,"Applied Digital Co. (NASDAQ:APLD – Get Free Report) reached a new 52-week high during trading on Friday . The company traded as high as $8.71 and last traded at $8.69, with a volume of 5388641 shares trading hands. The stock had previously closed at $8.25. An…","Applied Digital Co. (NASDAQ:APLD – Get Free Report) reached a new 52-week high during trading on Friday . The company traded as high as $8.71 and last traded at $8.69, with a volume of 5388641 shares… [+4421 chars]",MarketBeat News,ETF Daily News,0.8625,0.116,0.0,0.884,Strongly Positive,2024-09-27T19:17:02Z
Applied Digital (NASDAQ:APLD) Sees Unusually-High Trading Volume,"Shares of Applied Digital Co. (NASDAQ:APLD – Get Free Report) saw unusually-strong trading volume on Wednesday . Approximately 8,956,393 shares traded hands during mid-day trading, an increase of 44% from the previous session’s volume of 6,222,750 shares.The …","Shares of Applied Digital Co. (NASDAQ:APLD – Get Free Report) saw unusually-strong trading volume on Wednesday . Approximately 8,956,393 shares traded hands during mid-day trading, an increase of 44%… [+4584 chars]",MarketBeat News,ETF Daily News,0.9517,0.227,0.0,0.773,Strongly Positive,2024-09-25T19:49:24Z
272 Capital LP Has $9.71 Million Stock Holdings in Applied Digital Co. (NASDAQ:APLD),"272 Capital LP lessened its holdings in Applied Digital Co. (NASDAQ:APLD – Free Report) by 19.9% during the second quarter, according to the company in its most recent filing with the Securities and Exchange Commission. The firm owned 1,631,453 shares of the …","272 Capital LP lessened its holdings in Applied Digital Co. (NASDAQ:APLD – Free Report) by 19.9% during the second quarter, according to the company in its most recent filing with the Securities and … [+5393 chars]",MarketBeat News,ETF Daily News,0.9042,0.132,0.0,0.868,Strongly Positive,2024-09-24T13:47:23Z
Applied Digital (NASDAQ:APLD) Shares Up 4.3%,"Shares of Applied Digital Co. (NASDAQ:APLD – Get Free Report) were up 4.3% during trading on Monday . The company traded as high as $6.30 and last traded at $6.28. Approximately 1,235,151 shares changed hands during trading, a decline of 80% from the average …","Shares of Applied Digital Co. (NASDAQ:APLD – Get Free Report) were up 4.3% during trading on Monday . The company traded as high as $6.30 and last traded at $6.28. Approximately 1,235,151 shares chan… [+4404 chars]",MarketBeat News,ETF Daily News,0.9393,0.18,0.0,0.82,Strongly Positive,2024-09-23T18:23:36Z
"Commonwealth Equity Services LLC Has $397,000 Stock Position in Applied Digital Co. (NASDAQ:APLD)","Commonwealth Equity Services LLC increased its holdings in Applied Digital Co. (NASDAQ:APLD – Free Report) by 115.7% during the 2nd quarter, according to the company in its most recent disclosure with the Securities & Exchange Commission. The fund owned 66,68…","Commonwealth Equity Services LLC increased its holdings in Applied Digital Co. (NASDAQ:APLD – Free Report) by 115.7% during the 2nd quarter, according to the company in its most recent disclosure wit… [+4583 chars]",MarketBeat News,ETF Daily News,0.9001,0.138,0.0,0.862,Strongly Positive,2024-09-23T07:12:49Z
Applied Digital (NASDAQ:APLD) Shares Down 2.8%,"Applied Digital Co. (NASDAQ:APLD – Get Free Report)’s share price dropped 2.8% on Thursday . The stock traded as low as $5.88 and last traded at $5.90. Approximately 5,472,278 shares were traded during mid-day trading, a decline of 9% from the average daily v…","Applied Digital Co. (NASDAQ:APLD – Get Free Report)’s share price dropped 2.8% on Thursday . The stock traded as low as $5.88 and last traded at $5.90. Approximately 5,472,278 shares were traded duri… [+4342 chars]",MarketBeat News,ETF Daily News,0.9081,0.18,0.043,0.777,Strongly Positive,2024-09-19T20:41:04Z
Applied Digital (NASDAQ:APLD) Shares Gap Down to $6.09,"Applied Digital Co. (NASDAQ:APLD – Get Free Report)’s share price gapped down before the market opened on Monday . The stock had previously closed at $6.09, but opened at $5.90. Applied Digital shares last traded at $5.84, with a volume of 732,090 shares chan…","Applied Digital Co. (NASDAQ:APLD – Get Free Report)’s share price gapped down before the market opened on Monday . The stock had previously closed at $6.09, but opened at $5.90. Applied Digital share… [+4193 chars]",MarketBeat News,ETF Daily News,0.9451,0.185,0.0,0.815,Strongly Positive,2024-09-18T18:58:50Z
Stock Traders Buy Large Volume of Call Options on Applied Digital (NASDAQ:APLD),"Applied Digital Co. (NASDAQ:APLD – Get Free Report) was the recipient of unusually large options trading on Wednesday. Stock investors acquired 16,433 call options on the stock. This is an increase of 40% compared to the average volume of 11,719 call options.…","Applied Digital Co. (NASDAQ:APLD – Get Free Report) was the recipient of unusually large options trading on Wednesday. Stock investors acquired 16,433 call options on the stock. This is an increase o… [+4459 chars]",MarketBeat News,ETF Daily News,0.8807,0.118,0.0,0.882,Strongly Positive,2024-09-18T18:17:52Z
Applied Digital Co. (NASDAQ:APLD) Sees Significant Growth in Short Interest,"Applied Digital Co. (NASDAQ:APLD – Get Free Report) saw a significant growth in short interest in the month of August. As of August 31st, there was short interest totalling 19,500,000 shares, a growth of 7.0% from the August 15th total of 18,220,000 shares. B…","Applied Digital Co. (NASDAQ:APLD – Get Free Report) saw a significant growth in short interest in the month of August. As of August 31st, there was short interest totalling 19,500,000 shares, a growt… [+4423 chars]",MarketBeat News,ETF Daily News,0.9901,0.381,0.0,0.619,Strongly Positive,2024-09-17T09:06:58Z
Applied Digital (NASDAQ:APLD) Price Target Raised to $9.00,"Applied Digital (NASDAQ:APLD – Free Report) had its price objective lifted by B. Riley from $8.00 to $9.00 in a report released on Friday, Benzinga reports. They currently have a buy rating on the stock. Several other equities analysts have also recently weig…","Applied Digital (NASDAQ:APLD – Free Report) had its price objective lifted by B. Riley from $8.00 to $9.00 in a report released on Friday, Benzinga reports. They currently have a buy rating on the st… [+4106 chars]",MarketBeat News,ETF Daily News,0.765,0.071,0.0,0.929,Strongly Positive,2024-09-16T05:22:56Z
Applied Digital (NASDAQ:APLD) Sees Unusually-High Trading Volume After Analyst Upgrade,"Applied Digital Co. (NASDAQ:APLD – Get Free Report) saw unusually-strong trading volume on Friday after B. Riley raised their price target on the stock from $8.00 to $9.00. B. Riley currently has a buy rating on the stock. Approximately 4,035,929 shares were …",Applied Digital Co. (NASDAQ:APLD – Get Free Report) saw unusually-strong trading volume on Friday after B. Riley raised their price target on the stock from $8.00 to $9.00. B. Riley currently has a b… [+4752 chars],MarketBeat News,ETF Daily News,0.8316,0.093,0.0,0.907,Strongly Positive,2024-09-15T05:24:48Z
Appel à la grève lundi chez Easyjet pour contester la fermeture de la base de Toulouse,"L’Union des navigants de l’aviation civile, deuxième syndicat de la branche française de la compagnie britannique, a appelé à un mouvement national illimité à partir du 16 septembre pour protester contre le transfert de ses 125 salariés toulousains.","Vers des turbulences dans le ciel ? LUnion des navigants de laviation civile (UNAC) dEasyjet menace de faire grève à compter de lundi 16 septembre. Le syndicat, deuxième organisation en France de la … [+2440 chars]",Audrey Sommazi,Le Monde,-0.4939,0.0,0.035,0.965,Moderately Negative,2024-09-13T15:30:04Z
Applied Blockchain gets stock price target boost on growth potential,Applied Blockchain gets stock price target boost on growth potential,"On Friday, B.Riley raised the price target on Applied Blockchain Inc (NASDAQ:APLD) shares, increasing it to $9.00 from the previous target of $8.00. The firm has also reaffirmed its Buy rating for th… [+3158 chars]",Investing.com,Investing.com,0.8957,0.204,0.0,0.796,Strongly Positive,2024-09-13T12:16:23Z
Applied Digital (NASDAQ:APLD) Shares Gap Down Following Insider Selling,"Shares of Applied Digital Co. (NASDAQ:APLD – Get Free Report) gapped down before the market opened on Tuesday following insider selling activity. The stock had previously closed at $6.58, but opened at $6.10. Applied Digital shares last traded at $6.18, with …","Shares of Applied Digital Co. (NASDAQ:APLD – Get Free Report) gapped down before the market opened on Tuesday following insider selling activity. The stock had previously closed at $6.58, but opened … [+4312 chars]",MarketBeat News,ETF Daily News,0.9246,0.163,0.0,0.837,Strongly Positive,2024-09-11T05:12:58Z
"Applied Digital Co. (NASDAQ:APLD) Director Douglas S. Miller Sells 10,000 Shares of Stock","Applied Digital Co. (NASDAQ:APLD – Get Free Report) Director Douglas S. Miller sold 10,000 shares of the company’s stock in a transaction on Thursday, September 5th. The stock was sold at an average price of $5.50, for a total transaction of $55,000.00. Follo…","Applied Digital Co. (NASDAQ:APLD – Get Free Report) Director Douglas S. Miller sold 10,000 shares of the company’s stock in a transaction on Thursday, September 5th. The stock was sold at an average … [+3900 chars]",MarketBeat News,ETF Daily News,0.9042,0.132,0.0,0.868,Strongly Positive,2024-09-10T09:17:03Z
Applied Digital’s (APLD) Buy Rating Reiterated at Needham & Company LLC,"Needham & Company LLC reiterated their buy rating on shares of Applied Digital (NASDAQ:APLD – Free Report) in a research report sent to investors on Monday, Benzinga reports. Needham & Company LLC currently has a $11.00 price objective on the stock. Other ana…","Needham &amp; Company LLC reiterated their buy rating on shares of Applied Digital (NASDAQ:APLD – Free Report) in a research report sent to investors on Monday, Benzinga reports. Needham &amp; Compan… [+4071 chars]",MarketBeat News,ETF Daily News,0.875,0.117,0.0,0.883,Strongly Positive,2024-09-10T08:03:06Z
"Applied digital director sells $55,000 in company stock","Applied digital director sells $55,000 in company stock","In a recent move within Applied Digital Corp. (NASDAQ:APLD), Director Douglas S. Miller sold shares of the company's common stock. The transaction, which took place on September 5, 2024, involved the… [+4940 chars]",Investing.com,Investing.com,0.296,0.044,0.0,0.956,Moderately Positive,2024-09-10T00:09:13Z
Is Applied Digital's Stock Set to Surge With NVIDIA's Backing?,"Applied Digital (NASDAQ: APLD) secured a $160 million strategic financing deal from institutional investors, including NVIDIA and Related Companies.","Applied Digital (NASDAQ: APLD) secured a $160 million strategic financing deal from institutional investors, including NVIDIA and Related Companies.
This story appeared on marketbeat.com, 2024-09-09.",marketbeat.com,Biztoc.com,0.6705,0.113,0.0,0.887,Strongly Positive,2024-09-09T15:05:46Z
"Avago, Tesla Slide; Samsara Soars Among Friday's Market Cap Stock Movers","Avago, Tesla Slide; Samsara Soars Among Friday's Market Cap Stock Movers","Friday's trading session is witnessing notable fluctuations among stocks, particularly within the mega-cap and large-cap sectors. Companies like Avago Technologies (AVGO) and Tesla Motors (NASDAQ:TSL… [+3140 chars]",Investing.com,Investing.com,0.3612,0.05,0.0,0.95,Moderately Positive,2024-09-06T19:12:27Z
Applied Digital’s (APLD) “Buy” Rating Reaffirmed at Roth Mkm,"Roth Mkm reaffirmed their buy rating on shares of Applied Digital (NASDAQ:APLD – Free Report) in a research note issued to investors on Thursday morning, Benzinga reports. The firm currently has a $10.00 target price on the stock. A number of other equities r…","Roth Mkm reaffirmed their buy rating on shares of Applied Digital (NASDAQ:APLD – Free Report) in a research note issued to investors on Thursday morning, Benzinga reports. The firm currently has a $1… [+3574 chars]",MarketBeat News,ETF Daily News,0.8834,0.129,0.0,0.871,Strongly Positive,2024-09-06T08:30:48Z
"Tesla, Casey's and United Continental lead Thursday's market cap stock movers","Tesla, Casey's and United Continental lead Thursday's market cap stock movers","Thursday's market has seen notable movements in both upward and downward directions, with stocks like Tesla (NASDAQ:TSLA), Casey's General (NASDAQ:CASY) and United Continental (UAL) experiencing sign… [+3451 chars]",Investing.com,Investing.com,0.872,0.192,0.0,0.808,Strongly Positive,2024-09-05T14:45:46Z
"Applied Digital stock soars 50% after raising $160m from Nvidia, other investors - WSJ","Applied Digital stock soars 50% after raising $160m from Nvidia, other investors - WSJ","Data center operator Applied Digital (APLD) raised $160 million in a funding round, the Wall Street Journal reported Thursday. The companys CEO Wes Cummins revealed that Nvidia (NASDAQ:NVDA) and real… [+1701 chars]",Investing.com,Investing.com,0.0,0.0,0.0,1.0,Moderately Negative,2024-09-05T13:13:03Z
Applied Digital Co. (NASDAQ:APLD) Sees Significant Growth in Short Interest,"Applied Digital Co. (NASDAQ:APLD – Get Free Report) saw a large growth in short interest during the month of August. As of August 15th, there was short interest totalling 18,220,000 shares, a growth of 5.7% from the July 31st total of 17,240,000 shares. Appro…","Applied Digital Co. (NASDAQ:APLD – Get Free Report) saw a large growth in short interest during the month of August. As of August 15th, there was short interest totalling 18,220,000 shares, a growth … [+4438 chars]",MarketBeat News,ETF Daily News,0.9901,0.369,0.0,0.631,Strongly Positive,2024-09-03T09:24:48Z
Applied Digital Co. Expected to Earn Q1 2025 Earnings of ($0.34) Per Share (NASDAQ:APLD),"Applied Digital Co. (NASDAQ:APLD – Free Report) – Research analysts at HC Wainwright issued their Q1 2025 earnings per share estimates for Applied Digital in a research report issued on Thursday, August 29th. HC Wainwright analyst K. Dede anticipates that the…","Applied Digital Co. (NASDAQ:APLD – Free Report) – Research analysts at HC Wainwright issued their Q1 2025 earnings per share estimates for Applied Digital in a research report issued on Thursday, Aug… [+4541 chars]",MarketBeat News,ETF Daily News,0.9042,0.136,0.0,0.864,Strongly Positive,2024-09-03T05:36:52Z
Research Analysts Set Expectations for Applied Digital Co.’s FY2025 Earnings (NASDAQ:APLD),"Applied Digital Co. (NASDAQ:APLD – Free Report) – Northland Capmk issued their FY2025 earnings per share (EPS) estimates for shares of Applied Digital in a note issued to investors on Thursday, August 29th. Northland Capmk analyst M. Grondahl anticipates that…","Applied Digital Co. (NASDAQ:APLD – Free Report) – Northland Capmk issued their FY2025 earnings per share (EPS) estimates for shares of Applied Digital in a note issued to investors on Thursday, Augus… [+4298 chars]",MarketBeat News,ETF Daily News,0.9246,0.163,0.0,0.837,Strongly Positive,2024-09-02T06:42:58Z
Q1 2025 EPS Estimates for Applied Digital Co. (NASDAQ:APLD) Lifted by Roth Capital,"Applied Digital Co. (NASDAQ:APLD – Free Report) – Stock analysts at Roth Capital raised their Q1 2025 EPS estimates for shares of Applied Digital in a research report issued on Thursday, August 29th. Roth Capital analyst D. Aftahi now expects that the company…","Applied Digital Co. (NASDAQ:APLD – Free Report) – Stock analysts at Roth Capital raised their Q1 2025 EPS estimates for shares of Applied Digital in a research report issued on Thursday, August 29th.… [+4030 chars]",MarketBeat News,ETF Daily News,0.875,0.112,0.0,0.888,Strongly Positive,2024-09-02T05:37:29Z
Applied Digital Corporation (APLD): The Best Multibagger Penny Stock of 2025?,,"If you click 'Accept all', we and our partners, including 238 who are part of the IAB Transparency &amp; Consent Framework, will also store and/or access information on a device (in other words, use … [+678 chars]",,Yahoo Entertainment,0.8271,0.159,0.0,0.841,Strongly Positive,2024-09-01T23:08:23Z
Applied Digital (NASDAQ:APLD) Price Target Cut to $10.00,"Applied Digital (NASDAQ:APLD – Get Free Report) had its target price lowered by equities researchers at Roth Mkm from $11.00 to $10.00 in a research note issued to investors on Thursday, Benzinga reports. The brokerage presently has a “buy” rating on the stoc…","Applied Digital (NASDAQ:APLD – Get Free Report) had its target price lowered by equities researchers at Roth Mkm from $11.00 to $10.00 in a research note issued to investors on Thursday, Benzinga rep… [+3630 chars]",MarketBeat News,ETF Daily News,0.5423,0.071,0.055,0.874,Strongly Positive,2024-08-31T07:27:00Z
"Applied Digital Co. to Post Q1 2026 Earnings of ($0.34) Per Share, Roth Capital Forecasts (NASDAQ:APLD)","Applied Digital Co. (NASDAQ:APLD – Free Report) – Investment analysts at Roth Capital issued their Q1 2026 earnings per share (EPS) estimates for shares of Applied Digital in a note issued to investors on Thursday, August 29th. Roth Capital analyst D. Aftahi …",Applied Digital Co. (NASDAQ:APLD – Free Report) – Investment analysts at Roth Capital issued their Q1 2026 earnings per share (EPS) estimates for shares of Applied Digital in a note issued to investo… [+3899 chars],MarketBeat News,ETF Daily News,0.9393,0.168,0.0,0.832,Strongly Positive,2024-08-31T06:42:56Z
Applied Digital Issues $53.2 Million Convertible Preferred Stock to Advance HPC Data Center Project and Accelerate Growth,"DALLAS, Aug. 30, 2024 (GLOBE NEWSWIRE) -- Applied Digital Corporation (Nasdaq: APLD) (“Applied Digital” or the “Company”), a designer, builder, and operator of next-generation digital infrastructure designed for High-Performance Computing (“HPC”) applications…","DALLAS, Aug. 30, 2024 (GLOBE NEWSWIRE) -- Applied Digital Corporation (Nasdaq: APLD)(Applied Digital or the Company), a designer, builder, and operator of next-generation digital infrastructure desig… [+5109 chars]","Applied Blockchain, Inc.",GlobeNewswire,0.3818,0.033,0.0,0.967,Moderately Positive,2024-08-30T20:05:00Z
"Crypto Currents: Bitfarms assumes control of Sharon, PA data center","See the rest of the story here.

thefly.com provides the latest financial news as it breaks. Known as a leader in market intelligence, The Fly's real-time, streaming news feed keeps individual investors, professional money managers, active traders, and corpor…","As bitcoin, ethereum and other cryptocurrencies get increasing attention from investors, Wall Street and its traditional banks continue to adjust to the shift. Catch up on this week's top stories hig… [+9126 chars]",,Thefly.com,0.765,0.088,0.0,0.912,Strongly Positive,2024-08-30T13:42:39Z
"Applied Digital (NASDAQ:APLD) Releases Earnings Results, Misses Estimates By $0.29 EPS","Applied Digital (NASDAQ:APLD – Get Free Report) announced its quarterly earnings results on Wednesday. The company reported ($0.52) EPS for the quarter, missing analysts’ consensus estimates of ($0.23) by ($0.29), Zacks reports. Applied Digital had a negative…","Applied Digital (NASDAQ:APLD – Get Free Report) announced its quarterly earnings results on Wednesday. The company reported ($0.52) EPS for the quarter, missing analysts’ consensus estimates of ($0.2… [+2363 chars]",MarketBeat News,ETF Daily News,0.3182,0.077,0.073,0.85,Moderately Positive,2024-08-30T13:26:53Z
Applied Digital's Stock Recovery: Analysts Forecast Strong Upside,"Applied Digital NASDAQ: APLD is a high-performance computing (HPC) stock that investors should be aware of. Since going public in April 2022, the company has been a horrid investment. Shares are down 56% since then.
$3.82 -0.59 (-13.38%) (As of 08/29/2024 ET)…","Applied Digital NASDAQ: APLD is a high-performance computing (HPC) stock that investors should be aware of. Since going public in April 2022, the company has been a horrid investment. Shares are down… [+125 chars]",marketbeat.com,Biztoc.com,-0.0772,0.082,0.075,0.843,Moderately Negative,2024-08-30T11:21:22Z
Applied Digital’s (APLD) “Buy” Rating Reaffirmed at HC Wainwright,"HC Wainwright restated their buy rating on shares of Applied Digital (NASDAQ:APLD – Free Report) in a research report report published on Thursday morning, Benzinga reports. They currently have a $5.00 price target on the stock. Several other research firms a…","HC Wainwright restated their buy rating on shares of Applied Digital (NASDAQ:APLD – Free Report) in a research report report published on Thursday morning, Benzinga reports. They currently have a $5.… [+2871 chars]",MarketBeat News,ETF Daily News,0.875,0.122,0.0,0.878,Strongly Positive,2024-08-30T10:36:04Z
Investors Purchase Large Volume of Call Options on Applied Digital (NASDAQ:APLD),"Applied Digital Co. (NASDAQ:APLD – Get Free Report) was the target of unusually large options trading on Thursday. Stock traders bought 14,135 call options on the stock. This represents an increase of approximately 112% compared to the typical daily volume of…","Applied Digital Co. (NASDAQ:APLD – Get Free Report) was the target of unusually large options trading on Thursday. Stock traders bought 14,135 call options on the stock. This represents an increase o… [+3665 chars]",MarketBeat News,ETF Daily News,0.8807,0.12,0.0,0.88,Strongly Positive,2024-08-30T06:48:54Z
Pasithea Therapeutics Announces $5 Million Private Placement Priced At-The-Market Under Nasdaq Rules,"MIAMI, Sept. 26, 2024 (GLOBE NEWSWIRE) -- Pasithea Therapeutics Corp. (NASDAQ: KTTA) (“Pasithea” or the “Company”), a clinical-stage biotechnology company developing PAS-004, a next-generation macrocyclic MEK inhibitor, for the treatment of neurofibromatosis …","MIAMI, Sept. 26, 2024 (GLOBE NEWSWIRE) -- Pasithea Therapeutics Corp. (NASDAQ: KTTA) (Pasithea or the Company), a clinical-stage biotechnology company developing PAS-004, a next-generation macrocycli… [+5587 chars]",Pasithea,GlobeNewswire,-0.0772,0.0,0.018,0.982,Moderately Negative,2024-09-26T22:44:00Z
"Pasithea Therapeutics Announces Positive Initial Safety, Tolerability, Pharmacokinetic (PK), and Preliminary Efficacy Data from its Phase 1 Clinical Trial of PAS-004 in Advanced Cancer","Pasithea Therapeutics' PAS-004 shows positive Phase 1 data: well-tolerated, no toxicities, promising efficacy in NF1 and MAPK-driven cancers.......","-- Single patient in 2mg cohort with stage 3 colon cancer who received 4 prior lines of therapy achieves prolonged stable disease and remains on drug into 6th dosing cycle --
-- No treatment-related… [+9119 chars]",Pasithea,GlobeNewswire,-0.3089,0.145,0.158,0.696,Moderately Negative,2024-09-26T11:02:00Z
Pasithea Therapeutics Corp. (NASDAQ:KTTA) Short Interest Update,"Pasithea Therapeutics Corp. (NASDAQ:KTTA – Get Free Report) saw a significant drop in short interest during the month of September. As of September 15th, there was short interest totalling 400 shares, a drop of 90.7% from the August 31st total of 4,300 shares…","Pasithea Therapeutics Corp. (NASDAQ:KTTA – Get Free Report) saw a significant drop in short interest during the month of September. As of September 15th, there was short interest totalling 400 shares… [+1588 chars]",MarketBeat News,ETF Daily News,0.9643,0.264,0.061,0.675,Strongly Positive,2024-09-26T04:38:55Z
Pasithea reports positive results in PAS-004 toxicity studies,Pasithea reports positive results in PAS-004 toxicity studies,"MIAMI - Pasithea Therapeutics Corp. (NASDAQ: KTTA), a biotech firm specializing in central nervous system disorders and cancer treatments, today announced the successful completion of chronic toxicit… [+4511 chars]",Investing.com,Investing.com,0.6705,0.191,0.113,0.696,Strongly Positive,2024-09-09T12:29:22Z
Pasithea Therapeutics Announces Successful Completion of PAS-004 Chronic Toxicity Studies,"Pasithea completes chronic toxicity studies for PAS-004, showing safety and potential for long-term use in NF1 and cancer treatment; Phase 1 trial ongoing","MIAMI, Sept. 09, 2024 (GLOBE NEWSWIRE) -- Pasithea Therapeutics Corp.
 (NASDAQ: KTTA) (Pasithea or the Company), a clinical-stage biotechnology company developing PAS-004, a next-generation macrocyc… [+4351 chars]",Pasithea,GlobeNewswire,0.296,0.097,0.065,0.838,Moderately Positive,2024-09-09T12:01:00Z
Pasithea Therapeutics Announces Appointment of Dr. Rebecca Brown to its Scientific Advisory Board,"Pasithea Tx appoints Dr. Rebecca Brown, an expert in Neurofibromatosis and Director at Mount Sinai, to its Scientific Advisory Board to aid in PAS-004.......","MIAMI, Sept. 03, 2024 (GLOBE NEWSWIRE) -- Pasithea Therapeutics Corp.
 (NASDAQ: KTTA) (Pasithea or the Company), a clinical-stage biotechnology company developing PAS-004, a next-generation macrocyc… [+7557 chars]",Pasithea,GlobeNewswire,0.3612,0.038,0.0,0.962,Moderately Positive,2024-09-03T12:02:00Z
